ID,first_name,last_name,age
0,John,Gordon,51
1,Gerald,Wagner,76
2,Alexandra,Willis,48
3,Melissa,Jones,74
4,Dean,Haney,31
5,Raymond,Collins,33
6,Jackson,Howard,72
7,Justin,Mitchell,76
8,Ashley,Anderson,62
9,John,Carey,26
10,Hector,Sparks,75
11,Martha,Conley,34
12,Maria,Parker,47
13,Joseph,Kent,34
14,Robert,Stanton,52
15,Ariana,Martinez,29
16,Tanya,Stephens,57
17,James,Hamilton,73
18,Katherine,Patterson,31
19,Keith,Robinson,65
20,Melissa,Larsen,21
21,Rebecca,James,37
22,Christopher,Moore,61
23,Matthew,Lewis,68
24,Mary,Taylor,44
25,Katherine,Spencer,72
26,Richard,Fernandez,37
27,Courtney,Taylor,29
28,Audrey,Ford,65
29,Christopher,Barrett,74
30,Alan,Burns,26
31,Eric,Weber,32
32,David,Jones,64
33,Corey,Ramirez,43
34,Joshua,Vaughn,30
35,Holly,Herrera,28
36,Marie,Sherman,75
37,William,Tate,37
38,Erin,Lang,35
39,Christopher,Thompson,62
40,Joseph,Castillo,29
41,Brittany,Clark,35
42,Kelli,Miller,46
43,Jonathan,Lee,37
44,Jennifer,Jones,66
45,Lori,Arnold,37
46,Michael,Swanson,76
47,Trevor,Molina,67
48,Philip,Molina,61
49,Joshua,Combs,60
